<!DOCTYPE suite SYSTEM "https://testng.org/testng-1.0.dtd">
<suite name="BrowserTestSuite" parallel="tests" thread-count="2">

    <!-- Run Chrome first to verify it works -->
    <test name="ChromeTest">
        <parameter name="browser" value="CHROME"/>
        <classes>
            <class name="Hooks.hook"/>
        </classes>
    </test>

    <!-- Then try Firefox -->
    <test name="FirefoxTest">
        <parameter name="browser" value="FIREFOX"/>
        <classes>
            <class name="Hooks.hook"/>
        </classes>
    </test>

</suite>